1,ATG, 1.0
2,TTT, 0.3
2,AAA, 0.7
3,ATT, 0.8
3,TTT, 0.2
4,TTC, 0.2
4,TTA, 0.5
4,GTA, 0.2
4,TTG, 0.1
5,TTA, 0.1
5,ATT, 0.5
5,TTT, 0.2
5,GCT, 0.1
5,ATC, 0.1
6,TTA, 0.2
6,TTT, 0.6
6,CTC, 0.2
7,CTC, 0.2
8,TGT, 0.1
8,AGT, 0.1
9,TTT, 0.6
9,TTA, 0.2
9,CTT, 0.1
9,CTC, 0.1
10,CTT, 0.5
10,CCT, 0.2
10,GTT, 0.2
11,ACT, 0.1
11,AGC, 0.3
11,AGT, 0.2
11,ACA, 0.2
11,GGC, 0.1
12,CTC, 0.1
12,TAA, 0.3
12,TAC, 0.2
12,CAA, 0.2
12,CAT, 0.1
13,ACT, 0.1
13,TTT, 0.3
13,TCT, 0.2
13,CTT, 0.2
14,AGT, 0.3
14,AGC, 0.3
14,TTC, 0.2
14,TGC, 0.1
15,GGT, 0.1
16,AGT, 0.1
16,AAA, 0.5
16,CAT, 0.2
16,AAC, 0.1
16,ACT, 0.1
17,GAC, 0.1
17,GCA, 0.5
17,TCC, 0.2
17,GCT, 0.1
17,GCC, 0.1
18,CTT, 0.1
18,CAG, 0.3
18,CAA, 0.4
18,TTA, 0.2
19,GAC, 0.1
19,GAA, 0.6
19,TAC, 0.1
19,CAC, 0.1
19,GAT, 0.1
20,GGC, 0.1
21,AAG, 0.1
22,TGC, 0.4
22,TGT, 0.4
22,TAC, 0.2
23,ACC, 0.1
23,GGT, 0.6
23,AAC, 0.2
23,GGC, 0.1
24,ACT, 0.1
24,ATC, 0.3
24,GTA, 0.2
24,AAC, 0.2
24,ACA, 0.1
24,ATA, 0.1
25,ATG, 0.2
26,TTG, 0.1
26,TCA, 0.3
26,TTA, 0.2
26,TTT, 0.2
26,TAT, 0.1
26,TGA, 0.1
27,ATG, 0.1
27,GTA, 0.4
27,ACC, 0.2
27,CTC, 0.2
27,CTA, 0.1
28,ATG, 0.1
28,GAA, 0.3
28,TCA, 0.2
28,AGG, 0.2
28,ATA, 0.2
29,TTC, 0.1
29,AAC, 0.3
29,GGA, 0.2
29,GCC, 0.2
29,AAA, 0.1
29,AGA, 0.1
30,AAG, 0.1
30,CGC, 0.3
30,CAC, 0.2
30,TAC, 0.2
30,GTC, 0.1
31,CTC, 0.1
31,AAC, 0.6
31,AAT, 0.2
31,CAT, 0.1
32,CTA, 0.7
32,AGA, 0.2
32,CCA, 0.1
33,ATT, 0.1
33,AAA, 0.3
33,AAT, 0.2
33,GAA, 0.2
33,AGC, 0.1
33,GCT, 0.1
34,TAA, 0.2
35,GTT, 0.2
35,TAC, 0.1
36,TCA, 0.3
36,ACA, 0.5
36,GAA, 0.2
37,ACA, 0.1
37,AGT, 0.5
37,CAT, 0.2
37,GAC, 0.1
37,ATA, 0.1
38,TAC, 0.1
38,CTC, 0.5
38,ATC, 0.2
38,TCC, 0.1
38,TTT, 0.1
39,TTC, 0.3
39,ATC, 0.3
39,CTC, 0.4
40,ATC, 0.2
40,TTC, 0.6
40,AGG, 0.2
41,TAT, 0.1
41,TCG, 0.5
41,TAG, 0.4
42,GAG, 0.3
42,TCG, 0.3
42,TAG, 0.4
43,GGG, 0.7
43,AGG, 0.3
44,GGT, 0.1
44,CGT, 0.3
44,TGT, 0.4
44,TTT, 0.2
45,TTA, 1.0
46,CTA, 0.1
46,TTA, 0.9
47,TCC, 0.1
47,TAA, 0.5
47,CCC, 0.2
47,TTT, 0.2
48,TGA, 1.0
49,TGA, 1.0
50,AAT, 0.1
50,CAT, 0.8
50,CAC, 0.1
51,TTT, 0.7
51,ATT, 0.3
52,TAG, 0.3
52,CCG, 0.3
52,TCG, 0.4
53,ATC, 0.2
53,TTC, 0.7
53,GTC, 0.1
54,AGA, 0.1
54,TGA, 0.5
54,CAA, 0.2
54,TTC, 0.2
55,CAC, 0.1
55,TGT, 0.8
55,AAT, 0.1
56,TAG, 0.2
56,TCG, 0.2
57,TTT, 0.1
57,TAC, 0.5
57,TGT, 0.4
58,ATT, 0.1
58,ACC, 0.3
58,ATC, 0.2
58,GTT, 0.3
58,GCT, 0.1
59,TAA, 0.1
59,TCA, 0.5
59,GGT, 0.2
59,TAC, 0.1
59,GAC, 0.1
60,CTC, 0.1
60,CAC, 0.6
60,GAC, 0.2
60,TAC, 0.1
61,AGG, 0.9
61,TGG, 0.1
62,ATT, 0.6
63,TAT, 0.1
63,ACT, 0.3
63,ATT, 0.4
63,GTT, 0.2
64,TTC, 0.2
64,TCC, 0.5
64,TTT, 0.2
64,TCT, 0.1
65,TTC, 0.4
65,TGC, 0.4
65,TAC, 0.2
66,CAT, 0.6
66,GCT, 0.2
66,CTT, 0.2
67,TTT, 0.1
67,TTG, 0.3
67,TCC, 0.2
67,TTA, 0.3
67,TCA, 0.1
68,ATT, 0.3
68,ACT, 0.3
68,ACA, 0.2
68,ATA, 0.2
69,CTA, 0.4
69,CAA, 0.3
69,CCA, 0.2
69,GTA, 0.1
70,ATG, 0.1
70,ATT, 0.3
70,ACC, 0.3
70,CTC, 0.2
70,ATC, 0.1
71,TTA, 0.5
71,TAA, 0.5
72,CAG, 0.1
72,CTC, 0.3
72,CAC, 0.2
72,CGT, 0.2
72,CTT, 0.1
72,CTG, 0.1
73,GGT, 0.4
73,AGT, 0.5
73,GTT, 0.1
74,TTC, 0.1
74,ACT, 0.5
74,ATT, 0.1
74,ATA, 0.1
75,ATA, 0.1
75,TTT, 0.5
75,TGA, 0.1
75,GTT, 0.1
76,CTA, 0.1
76,CGC, 0.3
76,CTC, 0.2
76,CTT, 0.1
76,CAA, 0.1
