1,ATG,1.0
2,TTT,0.3
2,AAA,0.7
3,ATT,0.8
3,TTT,0.2
4,TTC,0.2
4,TTA,0.5
4,GTA,0.2
4,TTG,0.1
5,TTA,0.1
5,ATT,0.5
5,TTT,0.2
5,GCT,0.1
5,ATC,0.1
6,TTA,0.2
6,TTT,0.6
6,CTC,0.2
7,CTC,0.2
8,TGT,0.1
8,AGT,0.1
9,TTT,0.6
9,TTA,0.2
9,CTT,0.1
9,CTC,0.1
10,CTT,0.5
10,CCT,0.2
10,GTT,0.2
11,ACT,0.1
11,AGC,0.3
11,AGT,0.2
11,ACA,0.2
11,GGC,0.1
12,CTC,0.1
12,TAA,0.3
12,TAC,0.2
12,CAA,0.2
12,CAT,0.1
13,ACT,0.1
13,TTT,0.3
13,TCT,0.2
13,CTT,0.2
14,AGT,0.3
14,AGC,0.3
14,TTC,0.2
14,TGC,0.1
15,GGT,0.1
16,AGT,0.1
16,AAA,0.5
16,CAT,0.2
16,AAC,0.1
16,ACT,0.1
17,GAC,0.1
17,GCA,0.5
17,TCC,0.2
17,GCT,0.1
17,GCC,0.1
18,CTT,0.1
18,CAG,0.3
18,CAA,0.4
18,TTA,0.2
19,GAC,0.1
19,GAA,0.6
19,TAC,0.1
19,CAC,0.1
19,GAT,0.1
20,GGC,0.1
21,AAG,0.1
22,TGC,0.4
22,TGT,0.4
22,TAC,0.2
23,ACC,0.1
23,GGT,0.6
23,AAC,0.2
23,GGC,0.1
24,ACT,0.1
24,ATC,0.3
24,GTA,0.2
24,AAC,0.2
24,ACA,0.1
24,ATA,0.1
25,ATG,0.2
26,TTG,0.1
26,TCA,0.3
26,TTA,0.2
26,TTT,0.2
26,TAT,0.1
26,TGA,0.1
27,ATG,0.1
27,GTA,0.4
27,ACC,0.2
27,CTC,0.2
27,CTA,0.1
28,ATG,0.1
28,GAA,0.3
28,TCA,0.2
28,AGG,0.2
28,ATA,0.2
29,TTC,0.1
29,AAC,0.3
29,GGA,0.2
29,GCC,0.2
29,AAA,0.1
29,AGA,0.1
30,AAG,0.1
30,CGC,0.3
30,CAC,0.2
30,TAC,0.2
30,GTC,0.1
31,CTC,0.1
31,AAC,0.6
31,AAT,0.2
31,CAT,0.1
32,CTA,0.7
32,AGA,0.2
32,CCA,0.1
33,ATT,0.1
33,AAA,0.3
33,AAT,0.2
33,GAA,0.2
33,AGC,0.1
33,GCT,0.1
34,TAA,0.2
35,GTT,0.2
35,TAC,0.1
36,TCA,0.3
36,ACA,0.5
36,GAA,0.2
37,ACA,0.1
37,AGT,0.5
37,CAT,0.2
37,GAC,0.1
37,ATA,0.1
38,TAC,0.1
38,CTC,0.5
38,ATC,0.2
38,TCC,0.1
38,TTT,0.1
39,TTC,0.3
39,ATC,0.3
39,CTC,0.4
40,ATC,0.2
40,TTC,0.6
40,AGG,0.2
41,TAT,0.1
41,TCG,0.5
41,TAG,0.4
42,GAG,0.3
42,TCG,0.3
42,TAG,0.4
43,GGG,0.7
43,AGG,0.3
44,GGT,0.1
44,CGT,0.3
44,TGT,0.4
44,TTT,0.2
45,TTA,1.0
46,CTA,0.1
46,TTA,0.9
47,TCC,0.1
47,TAA,0.5
47,CCC,0.2
47,TTT,0.2
48,TGA,1.0
49,TGA,1.0
50,AAT,0.1
50,CAT,0.8
50,CAC,0.1
51,TTT,0.7
51,ATT,0.3
52,TAG,0.3
52,CCG,0.3
52,TCG,0.4
53,ATC,0.2
53,TTC,0.7
53,GTC,0.1
54,AGA,0.1
54,TGA,0.5
54,CAA,0.2
54,TTC,0.2
55,CAC,0.1
55,TGT,0.8
55,AAT,0.1
56,TAG,0.2
56,TCG,0.2
57,TTT,0.1
57,TAC,0.5
57,TGT,0.4
58,ATT,0.1
58,ACC,0.3
58,ATC,0.2
58,GTT,0.3
58,GCT,0.1
59,TAA,0.1
59,TCA,0.5
59,GGT,0.2
59,TAC,0.1
59,GAC,0.1
60,CTC,0.1
60,CAC,0.6
60,GAC,0.2
60,TAC,0.1
61,AGG,0.9
61,TGG,0.1
62,ATT,0.6
63,TAT,0.1
63,ACT,0.3
63,ATT,0.4
63,GTT,0.2
64,TTC,0.2
64,TCC,0.5
64,TTT,0.2
64,TCT,0.1
65,TTC,0.4
65,TGC,0.4
65,TAC,0.2
66,CAT,0.6
66,GCT,0.2
66,CTT,0.2
67,TTT,0.1
67,TTG,0.3
67,TCC,0.2
67,TTA,0.3
67,TCA,0.1
68,ATT,0.3
68,ACT,0.3
68,ACA,0.2
68,ATA,0.2
69,CTA,0.4
69,CAA,0.3
69,CCA,0.2
69,GTA,0.1
70,ATG,0.1
70,ATT,0.3
70,ACC,0.3
70,CTC,0.2
70,ATC,0.1
71,TTA,0.5
71,TAA,0.5
72,CAG,0.1
72,CTC,0.3
72,CAC,0.2
72,CGT,0.2
72,CTT,0.1
72,CTG,0.1
73,GGT,0.4
73,AGT,0.5
73,GTT,0.1
74,TTC,0.1
74,ACT,0.5
74,ATT,0.1
74,ATA,0.1
75,ATA,0.1
75,TTT,0.5
75,TGA,0.1
75,GTT,0.1
76,CTA,0.1
76,CGC,0.3
76,CTC,0.2
76,CTT,0.1
76,CAA,0.1
77,TTA,0.4
77,TCA,0.2
77,TAA,0.1
77,GAA,0.1
78,ATG,0.3
78,GTA,0.2
78,AGT,0.1
78,ATT,0.1
79,TGG,0.3
79,TTC,0.1
79,TTG,0.1
79,CTA,0.1
79,CAG,0.1
80,ATT,0.5
80,AGT,0.2
80,ATG,0.1
80,TTA,0.1
81,CAG,0.5
81,CAT,0.2
81,GTA,0.1
81,CTG,0.1
82,ATA,0.5
82,GGA,0.2
82,AGC,0.1
82,GAC,0.1
83,GGT,0.3
83,AAA,0.2
83,ACC,0.2
83,AGA,0.1
83,GGC,0.1
84,ATA,0.4
84,TTG,0.2
84,AGG,0.2
84,GGA,0.1
84,TGA,0.1
85,CCT,0.3
85,TTT,0.3
85,CTT,0.2
85,TAC,0.1
86,ATT,0.8
86,AGT,0.1
87,TTG,0.7
87,CTT,0.2
87,ATG,0.1
88,GCA,0.1
88,ACA,0.5
88,ATA,0.2
89,ACC,0.4
89,ATC,0.4
90,CTG,0.3
90,CCA,0.6
90,CAA,0.1
91,TCA,0.1
91,TAC,0.3
91,TAT,0.2
91,TCT,0.2
91,ACA,0.2
92,TAC,0.2
92,TAG,0.3
92,TGA,0.2
92,TGC,0.2
92,TTA,0.1
93,CTT,0.3
93,ACT,0.4
93,AAT,0.2
93,CAT,0.1
94,TTA,0.2
94,TTG,0.8
95,AGG,0.2
95,GTG,0.4
95,GGG,0.2
95,GGC,0.2
96,ATG,1.0
97,GTA,0.3
97,GCG,0.3
97,GTG,0.3
97,GTT,0.1
98,TTT,0.9
98,TGT,0.1
99,ATT,0.8
99,ACT,0.2
100,TTG,0.3
100,TCG,0.5
100,TTT,0.2
101,CTG,0.4
101,CAG,0.2
101,CAA,0.2
101,GTC,0.1
101,CGG,0.1
102,CCA,0.8
102,TAA,0.1
102,CAA,0.1
103,CAG,0.2
103,CTG,0.5
103,TTG,0.2
103,CCG,0.1
104,AGA,0.2
104,AAA,0.6
104,ACA,0.2
105,AAT,0.4
105,AGT,0.5
105,GGT,0.1
106,CAA,0.1
106,CTA,0.7
106,CCA,0.2
107,ATG,0.6
107,ACG,0.4
108,TTG,0.3
108,TAA,0.5
108,TTT,0.1
108,TTA,0.1
109,TCC,0.1
109,TAA,0.5
109,TCA,0.2
109,TTC,0.1
109,TAC,0.1
110,GTG,0.1
110,GAG,0.8
110,GCG,0.1
111,GTT,0.5
111,GCT,0.5
112,GGG,0.3
112,GGA,0.7
113,TTT,0.8
113,TGT,0.2
114,TTG,1.0
115,GTT,0.7
115,GAA,0.2
115,GCT,0.1
116,CTA,0.2
116,CAT,0.3
116,CCA,0.4
116,CGA,0.1
117,CCA,0.1
117,CTT,0.3
117,CCT,0.2
117,CGT,0.2
117,CAT,0.1
117,CAC,0.1
118,TGA,0.1
118,TTG,0.5
118,TAG,0.4
119,ACA,0.3
119,ATA,0.7
120,ACA,1.0
121,AGT,0.1
121,CCA,0.7
121,CAA,0.2
122,CAC,0.1
122,CCC,0.3
122,CTC,0.6
123,AGT,0.7
123,AAT,0.3
124,CGG,0.1
124,CAG,0.3
124,CTG,0.3
124,CCG,0.3
125,TGA,0.1
125,CTG,0.5
125,CTA,0.2
125,CAT,0.2
126,TTA,0.6
126,TGC,0.3
126,TTC,0.1
127,TTA,0.1
127,TAG,0.5
127,TTG,0.2
127,TCT,0.1
127,TTT,0.1
128,TTA,0.8
128,TGA,0.2
129,ACA,0.3
129,ATA,0.7
130,ATT,0.6
130,ATG,0.4
131,CTA,0.1
131,CAA,0.3
131,CCA,0.2
131,GTA,0.4
132,CTA,0.1
132,CAC,0.7
132,GTG,0.2
133,ATG,0.1
133,ACA,0.7
133,CTA,0.2
134,TTG,0.3
134,TTA,0.7
135,TTA,0.8
135,CAA,0.2
136,TAC,0.6
136,TAG,0.3
136,TTA,0.1
137,GAG,0.1
137,GTG,0.5
137,AAG,0.2
137,ATG,0.2
138,CAT,0.1
138,TGT,0.7
138,TCT,0.2
139,GTA,0.6
139,GTT,0.4
140,ACT,0.5
140,ATT,0.5
141,TTG,0.1
141,TTA,0.6
141,TCC,0.2
141,TTT,0.1
142,AAT,0.3
142,ACT,0.3
142,ATC,0.2
142,ATT,0.2
143,TGT,0.1
143,TAT,0.3
143,TTT,0.6
144,GTG,0.4
144,GTA,0.5
144,GCC,0.1
145,ACA,0.3
145,AAG,0.6
145,CTG,0.1
146,ACC,0.3
146,AAC,0.3
146,ATC,0.4
147,CTT,0.1
147,CCA,0.6
147,CTG,0.2
147,CAA,0.1
148,TCT,0.1
148,TGT,0.7
148,CCT,0.2
149,TTG,0.2
149,ATA,0.5
149,TTA,0.2
149,TGG,0.1
150,CTG,0.5
150,CCG,0.2
150,TAA,0.2
150,CAG,0.1
151,TTT,0.1
151,TTA,0.5
151,TGT,0.2
151,TCA,0.1
151,TGG,0.1
152,CTA,0.2
152,GTA,0.3
152,CTG,0.2
152,GTG,0.2
152,ATA,0.1
153,AAC,0.1
154,CCA,0.1
155,TGG,0.1
156,GTA,0.4
156,GCA,0.2
156,GTG,0.2
156,GAC,0.1
156,GTT,0.1
157,CAC,0.6
157,CCC,0.2
157,AGC,0.1
157,CTC,0.1
158,AGA,0.1
158,AGC,0.3
158,AAA,0.4
158,CTT,0.1
158,ATT,0.1
159,CAC,0.1
159,AAA,0.3
159,TAT,0.2
159,CAA,0.2
159,ATA,0.1
159,TTA,0.1
160,ATA,0.1
160,ATG,0.3
160,CTT,0.2
160,ACA,0.2
160,AAA,0.1
160,AAT,0.1
161,CTA,0.1
161,CCT,0.4
161,CAT,0.2
161,CTG,0.2
161,CTT,0.1
162,TGA,0.1
162,GGG,0.6
162,CTA,0.2
162,GGA,0.1
163,TAT,0.1
163,TTT,0.7
163,TCT,0.2
164,TCG,0.1
164,ATC,0.5
164,ATA,0.3
164,TTC,0.1
165,ATA,0.1
165,AGA,0.5
165,TCA,0.2
165,CTA,0.1
165,TTA,0.1
166,ATG,0.4
166,GTG,0.4
166,ACT,0.2
167,CAT,0.4
167,CTT,0.2
167,TAC,0.2
167,CGG,0.1
167,CCA,0.1
168,TTA,0.6
168,GTA,0.2
168,CTA,0.1
168,CCA,0.1
169,ATT,1.0
170,GCA,0.4
170,GTA,0.6
171,CTT,0.2
171,CAT,0.8
172,TCG,0.1
172,ATG,0.5
172,ACC,0.1
172,ATA,0.1
173,AGT,0.1
173,ACC,0.3
173,ATA,0.2
173,ACA,0.1
173,ATC,0.1
174,ACA,0.1
174,GAG,0.6
174,GTG,0.1
175,TAT,0.1
175,TGG,0.7
175,CAC,0.1
175,TAC,0.1
176,CTG,0.1
176,AAA,0.5
176,ATA,0.1
176,ACA,0.1
176,ATG,0.1
177,ATG,0.1
177,AGA,0.3
177,AAA,0.2
178,CCT,0.1
178,GTT,0.4
178,GCT,0.2
179,TTT,0.1
179,TTC,0.3
179,TCC,0.2
179,TTA,0.1
179,TTG,0.1
180,CGC,0.1
180,AAC,0.3
180,AAT,0.2
180,TAC,0.2
180,ATA,0.1
180,AGA,0.1
181,TTG,0.5
181,TAG,0.2
181,GTG,0.2
181,TTA,0.1
182,ATG,0.1
182,ACA,0.5
182,GCA,0.1
182,ACC,0.1
183,TTT,0.1
183,CTA,0.5
183,CAG,0.2
183,TTA,0.2
184,CAG,0.1
184,CTC,0.3
184,CCC,0.2
184,CCA,0.2
184,ATA,0.1
184,GTC,0.1
185,AAA,0.1
185,CTA,0.5
185,TTA,0.2
185,TGA,0.1
185,CAA,0.1
186,AGT,0.3
186,AAA,0.3
186,AGA,0.2
186,ATC,0.1
186,ATA,0.1
187,TTT,0.2
188,GAG,0.1
188,GCG,0.1
189,GAT,0.1
189,GAG,0.1
190,GTT,0.2
191,GAT,0.2
192,GGT,0.7
192,GGA,0.3
193,AAT,0.6
193,GGT,0.2
193,AAG,0.1
193,TCC,0.1
194,TTT,1.0
195,AAA,0.7
195,ATT,0.2
195,ATA,0.1
196,CAC,0.3
196,GAC,0.3
196,GCC,0.2
196,CAT,0.2
197,TTA,0.6
197,CTA,0.3
197,TTT,0.1
198,CGA,0.1
198,CGT,0.7
198,AGG,0.1
198,AGA,0.1
199,GAG,0.9
199,GAA,0.1
200,TTT,0.5
200,TAT,0.3
200,CAC,0.1
200,CAT,0.1
201,GTG,0.1
201,GTC,0.5
201,GTA,0.3
201,CTG,0.1
202,TTT,0.8
202,TTC,0.2
203,AAA,0.6
203,AAG,0.3
203,AGA,0.1
204,AAT,1.0
205,AAA,0.1
205,AGG,0.3
205,CGT,0.2
205,AGT,0.2
205,GTA,0.1
205,GTG,0.1
206,GAT,0.9
206,GAC,0.1
207,GGG,0.5
207,GGC,0.4
207,GGT,0.1
208,TTT,0.9
208,TTC,0.1
209,CTC,0.1
209,CTG,0.3
209,TTC,0.2
209,TTG,0.2
209,CTA,0.1
209,CTT,0.1
210,TAT,0.3
210,TCT,0.3
210,ACT,0.2
210,CAC,0.2
211,GTT,0.4
211,GTC,0.4
211,ATT,0.2
212,TAT,0.6
212,TAC,0.4
213,AAG,0.1
213,CAA,0.3
213,CAG,0.2
213,GGT,0.2
213,CAT,0.2
214,GGC,0.1
214,ACT,0.3
214,GAT,0.2
214,GCT,0.2
214,AAC,0.1
214,AAT,0.1
215,TAT,0.8
215,TAC,0.2
216,CAA,0.1
216,ACT,0.3
216,ACA,0.2
216,CAG,0.2
216,GAA,0.2
217,CCT,0.5
217,GCT,0.3
217,CCC,0.1
217,AGA,0.1
218,ATA,0.1
218,GTT,0.5
218,TAC,0.1
218,CAC,0.1
218,ATT,0.1
218,GTA,0.1
219,GAT,0.3
219,AAT,0.3
219,AAC,0.2
219,GAC,0.2
220,GTA,0.1
220,TTA,0.5
220,CTC,0.2
220,CTT,0.1
220,GTT,0.1
221,GTT,0.1
221,CCC,0.3
221,CTT,0.2
221,GCC,0.1
221,GAC,0.1
221,AAC,0.1
221,TAT,0.1
222,CGT,0.1
222,AGA,0.3
222,CGA,0.2
222,ATA,0.2
222,AGT,0.1
222,GAC,0.1
223,GGT,0.2
224,GCT,0.2
225,ACG,0.1
225,CCG,0.1
226,GCT,0.2
227,GCA,0.2
228,CTA,0.6
228,TTG,0.2
228,TTT,0.1
228,TTC,0.1
229,CCT,0.3
229,CCC,0.3
229,CCA,0.4
230,TCT,0.2
230,ACG,0.3
230,GCA,0.2
230,GCT,0.2
230,CAG,0.1
231,GGT,0.4
231,GGC,0.3
231,CAA,0.2
231,GGA,0.1
232,TTT,0.3
232,TTC,0.5
232,CTT,0.2
233,AAC,0.1
233,TCA,0.5
233,CTG,0.2
233,TCT,0.2
234,ACT,0.1
234,GTC,0.4
234,GTT,0.3
234,CCT,0.2
235,TTG,0.4
235,CTA,0.3
235,TTA,0.3
236,AAA,0.8
236,AAG,0.2
237,CCT,0.2
237,CCA,0.4
237,CCC,0.4
238,ATT,0.6
238,CTA,0.2
238,ATA,0.2
239,TTT,0.1
239,TTA,0.3
239,CTT,0.3
239,TGG,0.2
239,TTC,0.1
240,AAG,0.2
240,AAA,0.8
241,TTG,0.6
241,CTG,0.3
241,TTA,0.1
242,CCT,0.3
242,CCC,0.5
242,CCA,0.2
243,CTT,0.1
243,TTT,0.7
243,CTC,0.2
244,GGT,0.4
244,GGA,0.5
244,GGC,0.1
245,ATT,0.6
245,TTA,0.2
245,CTC,0.1
245,CTG,0.1
246,AAC,0.2
246,AAT,0.8
247,ATT,0.6
247,ATC,0.3
247,ATA,0.1
248,ACA,0.3
248,ACT,0.6
248,ACC,0.1
249,AAT,0.3
249,TCT,0.5
249,TAT,0.1
249,CAG,0.1
250,TTT,0.4
250,TAT,0.5
250,GTT,0.1
251,AGA,0.6
251,AAG,0.3
251,AAA,0.1
252,GCC,0.2
252,GTA,0.3
252,GTG,0.2
252,GTC,0.1
253,ATT,0.1
253,GTT,0.5
253,ATA,0.1
253,ATC,0.1
254,CTT,0.1
254,ATG,0.7
254,GTG,0.2
255,ACA,0.4
255,GCA,0.3
255,GCC,0.2
255,ACT,0.1
256,GCC,0.1
256,ATG,0.5
256,ACT,0.2
256,TTG,0.2
257,TTT,0.6
257,TTC,0.2
257,TTA,0.2
258,TCA,0.2
258,AGC,0.3
258,AGT,0.2
258,AAA,0.2
258,TCT,0.1
259,CCT,0.2
259,CAA,0.3
259,AAA,0.2
259,CCC,0.2
259,TCC,0.1
260,GCT,0.1
260,ACT,0.5
260,ACC,0.2
260,ACA,0.2
261,CAA,0.2
261,ACT,0.5
261,AAT,0.2
261,ACA,0.1
262,GAC,0.1
262,TCT,0.5
262,CAG,0.2
262,AGT,0.2
263,ATT,0.1
263,AAT,0.6
263,GCC,0.2
263,TCC,0.1
264,TGG,0.1
264,TTT,0.5
264,TAT,0.2
264,TTC,0.2
265,GGC,0.1
265,TTA,0.3
265,GTG,0.2
265,CAA,0.2
265,GAT,0.1
265,AAT,0.1
266,ACG,0.1
266,CCA,0.5
266,GCT,0.1
266,GCA,0.1
267,TCA,0.1
267,GAA,0.5
267,GAC,0.1
267,GAT,0.1
268,GCT,0.3
268,AGT,0.5
269,GCA,0.1
269,GCT,0.7
269,TCT,0.2
270,GCC,0.3
270,GCT,0.6
270,GTT,0.1
271,TAT,0.9
271,TAC,0.1
272,TTT,0.3
272,TAT,0.5
272,ATA,0.2
273,GTT,0.4
273,GTA,0.3
273,GTG,0.3
274,GGC,0.3
274,GGT,0.7
275,TAT,0.1
275,AAT,0.3
275,AAC,0.4
275,CAT,0.2
276,TTA,0.4
276,CTT,0.5
276,CTA,0.1
277,AAG,0.3
277,AAA,0.7
278,CCA,0.1
278,TAT,0.3
278,CAG,0.2
278,CAT,0.2
278,CCT,0.2
279,ACT,0.1
279,TCT,0.3
279,TCC,0.2
279,ACA,0.2
279,CTC,0.2
280,ACA,0.1
280,ACC,0.6
280,ACT,0.3
281,TTT,0.3
281,TTC,0.3
281,ATG,0.4
282,ATG,0.8
282,CTT,0.2
283,CTC,0.4
283,CTT,0.2
283,TTG,0.2
283,GTT,0.1
283,GCT,0.1
284,AAG,0.1
284,CGA,0.3
284,AGT,0.2
284,TCT,0.2
284,GAC,0.1
284,GAA,0.1
285,TAT,0.1
285,TTT,0.9
286,GAT,0.2
286,AAT,0.7
286,GAC,0.1
287,GAA,0.7
287,CAG,0.2
287,GAG,0.1
288,AAT,0.9
288,AAC,0.1
289,GGT,0.1
289,GGG,0.3
289,GGA,0.2
289,GGC,0.4
290,ACA,0.1
290,ACG,0.3
290,ACT,0.5
290,ACC,0.1
291,ATC,0.4
291,ATT,0.4
291,ATG,0.2
292,ACA,0.4
292,ACG,0.3
292,TCC,0.2
292,ATT,0.1
293,GAT,0.8
293,AAT,0.2
294,GCT,0.9
294,GCC,0.1
295,GTT,0.2
295,GTA,0.3
295,GTG,0.2
295,ATT,0.2
295,ATA,0.1
296,GAT,1.0
297,TGT,0.8
297,TGC,0.2
298,TCT,0.7
298,TCC,0.3
299,CAA,0.7
299,CAG,0.3
300,AAT,0.6
300,GAC,0.2
300,GAT,0.2
301,CCA,0.6
301,CCT,0.4
302,CTT,0.7
302,TTG,0.2
302,CTC,0.1
303,GCT,0.6
303,GCA,0.2
303,TCA,0.1
303,TCT,0.1
304,GAA,0.4
304,GAG,0.6
305,CTC,0.1
305,TTA,0.5
305,CTA,0.3
305,CTT,0.1
306,AAA,0.5
306,AAG,0.5
307,TGC,0.6
307,TGT,0.4
308,TCT,0.1
308,ACC,0.5
308,ACT,0.2
308,ACA,0.2
309,GTT,0.1
309,ATT,0.3
309,ACA,0.2
309,CTC,0.2
309,ACT,0.2
310,AAG,0.6
310,AAA,0.4
311,AGC,0.2
311,AAT,0.3
311,AGT,0.3
311,CAG,0.2
312,TTT,0.6
312,TTC,0.3
312,CTT,0.1
313,GAG,0.1
313,AAT,0.5
313,GAT,0.2
313,ACA,0.1
313,ACT,0.1
314,ATT,0.1
314,GTT,0.5
314,GTC,0.2
314,GTA,0.2
315,GAC,0.4
315,TCT,0.2
315,GGT,0.2
315,GAA,0.2
316,AAA,1.0
317,GGA,0.6
317,GGC,0.2
317,GGT,0.2
318,ATT,0.7
318,ATC,0.3
319,TAC,0.7
319,TAT,0.3
320,CAG,0.1
320,CAA,0.9
321,ACC,0.2
321,ACA,0.3
321,ACT,0.3
321,ACG,0.2
322,TCT,0.2
322,TCC,0.5
322,TCA,0.3
323,AAT,0.3
323,AAC,0.7
324,TTC,1.0
325,AGG,0.1
325,AGA,0.5
325,CGA,0.2
325,CGT,0.2
326,GTT,0.8
326,GTA,0.2
327,GTT,0.1
327,TCA,0.4
327,GCA,0.2
327,CAA,0.2
327,ACA,0.1
328,CCC,0.4
328,CCT,0.5
328,CCA,0.1
329,TCA,0.1
329,ACT,0.5
329,GTT,0.2
329,ACC,0.1
329,AGT,0.1
330,GGA,0.1
330,CAA,0.3
330,ACT,0.4
330,GTT,0.2
331,GAT,0.3
331,GAG,0.5
331,GAA,0.2
332,GTT,0.9
332,GTA,0.1
333,GTG,0.1
333,ATT,0.3
333,GTT,0.3
333,GCG,0.2
333,GTA,0.1
334,AGA,0.7
334,CGC,0.2
334,AGG,0.1
335,TTC,0.1
335,TTT,0.9
336,CCT,0.6
336,CCA,0.4
337,AAT,0.5
337,AAC,0.5
338,ATT,0.9
338,ATA,0.1
339,ACA,0.8
339,ACT,0.2
340,AAC,0.6
340,AAT,0.3
340,CAG,0.1
341,TTG,0.1
341,CGC,0.3
341,CTC,0.2
341,GTG,0.2
341,CTT,0.2
342,TGT,1.0
343,CCT,1.0
344,TTT,1.0
345,GGA,0.1
345,GAC,0.7
345,AAC,0.1
345,GGC,0.1
346,GAG,0.1
346,AAG,0.7
346,GAA,0.1
346,CAA,0.1
347,GTT,0.9
347,GTG,0.1
348,TTT,0.8
348,TTC,0.2
349,AAT,1.0
350,GCT,0.9
350,ATA,0.1
351,ACT,0.4
351,ACA,0.4
351,ACC,0.1
351,TCA,0.1
352,AAA,0.1
352,CGC,0.7
352,TCT,0.1
352,AAT,0.1
353,TTC,0.3
353,TTT,0.7
354,CCT,0.9
354,CCA,0.1
355,TCT,0.1
355,AAT,0.3
355,AGT,0.4
355,TCC,0.1
355,TCA,0.1
356,GTC,0.3
356,GTT,0.5
356,GTG,0.2
357,TAT,0.9
357,TAC,0.1
358,GCA,0.6
358,GCG,0.3
358,GCT,0.1
359,TGG,1.0
360,GAG,0.5
360,GAA,0.5
361,AGA,1.0
362,AAA,0.1
362,ACA,0.7
362,ATG,0.1
362,CTA,0.1
363,AAA,0.4
363,AAG,0.4
363,CGC,0.1
363,CGT,0.1
364,ATT,0.7
364,ATC,0.3
365,TCT,0.7
365,TCC,0.1
365,ACT,0.1
365,AGT,0.1
366,AAT,0.2
366,GAT,0.5
366,GAC,0.3
367,TGT,0.9
367,TGC,0.1
368,GTT,1.0
369,GCT,0.4
369,GCA,0.5
369,GCG,0.1
370,GAT,0.6
370,GAC,0.4
371,TAC,1.0
372,TCT,0.1
372,ACT,0.7
372,TCA,0.1
372,GCA,0.1
373,GTG,0.3
373,GTT,0.7
374,CTC,0.4
374,TTC,0.4
374,CTT,0.2
375,TAC,0.9
375,TAT,0.1
376,AAC,0.6
376,AAT,0.4
377,TCA,0.9
377,TCT,0.1
378,TCT,0.2
379,ACA,0.1
379,ACC,0.3
379,ACT,0.4
379,GCC,0.1
379,TCT,0.1
380,TTT,0.1
380,TCT,0.8
380,TCC,0.1
381,TTT,0.6
381,TTC,0.4
382,TCA,0.2
382,TCG,0.8
383,ACC,0.1
383,ACT,0.7
383,ACA,0.2
384,TTT,0.6
384,TTC,0.4
385,AAG,0.2
385,AAA,0.3
385,AAT,0.2
385,AAC,0.2
385,CAG,0.1
386,TGC,0.2
386,TGT,0.8
387,TAT,0.8
387,TAC,0.2
388,GGC,0.2
388,GGA,0.7
388,GGT,0.1
389,GTT,0.3
389,GTG,0.7
390,TCT,0.9
390,TCA,0.1
391,GCC,0.1
391,CCA,0.3
391,CCT,0.6
392,ACT,0.2
392,TCT,0.5
392,TCC,0.2
392,ACA,0.1
393,AAG,0.7
393,AAA,0.3
394,TTG,0.8
394,CTC,0.2
395,AAT,0.2
395,ATT,0.5
395,ATA,0.2
395,AAC,0.1
396,GAT,0.6
396,GAC,0.4
397,CTT,0.1
397,CTA,0.3
397,TTG,0.5
397,TTA,0.1
398,TGC,0.5
398,TGT,0.5
399,TTC,0.1
399,TTT,0.9
400,TCC,0.1
400,ACA,0.7
400,AGC,0.1
400,AGT,0.1
401,AAT,0.1
401,AGT,0.9
402,GTC,0.1
402,GTG,0.8
402,GTT,0.1
403,TAT,0.8
403,TAC,0.2
404,GCA,0.7
404,GCT,0.3
405,GAT,0.9
405,GAC,0.1
406,TCT,0.1
406,ACA,0.7
406,TAC,0.2
407,TTT,0.6
407,TTC,0.4
408,GTA,0.1
408,TTG,0.7
408,GTT,0.1
408,GTC,0.1
409,GTC,0.1
409,ATA,0.7
409,GTG,0.2
410,AAG,0.2
410,AGA,0.7
410,AAA,0.1
411,GGA,0.1
411,TCT,0.3
411,TTT,0.4
411,GGT,0.2
412,GAT,0.3
412,TCT,0.5
412,TCC,0.2
413,GAT,0.3
413,GAA,0.7
414,GTA,0.5
414,GTC,0.4
414,GTT,0.1
415,AGA,0.9
415,CGC,0.1
416,CAA,1.0
417,ATA,0.2
417,GTT,0.3
417,GTA,0.4
417,ATT,0.1
418,GCG,0.1
418,GCA,0.8
418,GCT,0.1
419,CCA,0.4
419,CCT,0.6
420,GGA,0.1
420,GGT,0.7
420,GCT,0.1
420,GCG,0.1
421,CAA,0.1
421,GAA,0.3
421,CAG,0.6
422,ACT,0.8
422,ACA,0.2
423,GGT,1.0
424,GTT,0.9
424,GTG,0.1
425,ATT,1.0
426,GCT,0.6
426,GCA,0.4
427,GAT,0.3
427,GAC,0.7
428,TAT,0.2
428,TAC,0.8
429,AAT,1.0
430,TAT,0.6
430,TAC,0.4
431,AAA,0.7
431,AAG,0.3
432,TTG,0.8
432,CTA,0.2
433,CCA,0.2
433,CCT,0.8
434,GAT,0.6
434,GAC,0.4
435,GAT,0.8
435,GAC,0.2
436,TTC,0.4
436,TTT,0.6
437,ATG,0.1
437,ACT,0.4
437,ACA,0.3
437,ATA,0.2
438,GGT,0.4
438,GGC,0.6
439,TGT,1.0
440,GTC,0.1
440,GTA,0.4
440,GTT,0.5
441,CTT,0.1
441,ATT,0.3
441,ATA,0.5
441,TTA,0.1
442,GCT,0.8
442,GCC,0.2
443,TGG,1.0
444,AAT,0.6
444,AAC,0.4
445,ACT,0.1
445,ACA,0.1
445,ACC,0.1
446,AGG,0.1
446,AAT,0.1
447,AAC,0.1
447,TCT,0.1
448,ATT,0.1
448,GTG,0.1
449,GAT,0.2
450,GCT,0.4
450,GCC,0.4
450,TCT,0.1
450,TCA,0.1
451,ACT,0.1
452,TCA,0.1
453,ACT,0.1
453,CAT,0.3
453,TAT,0.2
453,CAA,0.2
453,GAC,0.1
453,TCA,0.1
454,GGT,0.1
454,GAT,0.5
454,GAC,0.2
454,AGT,0.1
454,GGA,0.1
455,AAT,0.1
455,ACT,0.3
455,GTC,0.4
455,TCC,0.1
456,TAT,0.1
456,GGC,0.3
456,GGT,0.4
456,AAC,0.1
457,AAT,0.5
457,AGT,0.2
457,AGC,0.2
457,GAA,0.1
458,TAT,0.8
458,TTC,0.1
458,TTT,0.1
459,AAA,0.1
459,TAC,0.3
459,TTT,0.5
459,TAT,0.1
460,TAT,0.6
460,TAC,0.4
461,AGG,0.7
461,AGA,0.3
462,TAT,0.1
462,TCT,0.5
462,TCC,0.2
462,AGA,0.1
462,CTT,0.1
463,CTT,0.1
463,CAT,0.7
463,TTC,0.1
463,TTT,0.1
464,AGA,0.3
464,CGC,0.3
464,CGT,0.4
465,CAT,0.3
465,AAG,0.3
465,TCG,0.2
465,TCT,0.2
466,GGC,0.1
466,ACT,0.3
466,AGT,0.2
466,AGC,0.2
466,GGA,0.1
466,GGG,0.1
467,AAG,0.6
467,AAA,0.4
468,CTT,0.1
468,TTA,0.7
468,ATT,0.1
468,ATC,0.1
469,AGG,0.1
469,AAG,0.3
469,AAA,0.6
470,CCC,0.3
470,CCT,0.5
470,CCG,0.2
471,TTT,0.8
471,TAT,0.2
472,GAG,0.6
472,GAA,0.3
472,GGG,0.1
473,AGA,0.8
473,CGT,0.1
473,CGC,0.1
474,GAC,0.9
474,GAT,0.1
475,ATA,0.1
475,CTG,0.5
475,CTT,0.3
475,ATT,0.1
476,TCT,0.4
476,TCA,0.4
476,TCC,0.2
477,AAT,0.3
478,GTG,0.1
478,GTT,0.1
478,GTC,0.1
479,CCT,0.1
479,CTT,0.2
480,TTC,0.1
480,TTT,0.1
480,TAT,0.1
481,TCC,0.1
481,AAC,0.1
481,AAT,0.1
482,CCT,0.2
482,TCT,0.3
482,TCA,0.5
483,GAT,0.1
483,GAC,0.3
483,GAA,0.4
483,TCA,0.1
483,GCT,0.1
484,GGC,0.1
484,GAT,0.3
484,GGT,0.2
485,AAA,0.1
485,GGT,0.2
486,CCT,0.1
486,ACA,0.1
486,ACG,0.1
487,TGC,0.1
487,TGT,0.2
488,ACC,0.1
488,TCA,0.1
488,TCT,0.1
489,CCA,0.1
489,GCT,0.1
489,TCT,0.1
490,CCT,0.1
490,GAA,0.1
490,ATT,0.1
491,GCT,0.1
491,GGT,0.1
491,TCT,0.1
492,CTT,0.2
492,CAA,0.1
493,AAT,0.9
493,CTA,0.1
494,TGT,0.2
494,GGT,0.8
495,GTG,0.3
495,GCC,0.2
495,GTC,0.2
495,TGT,0.1
496,TAT,0.5
496,CGT,0.2
496,CTT,0.2
496,TAC,0.1
497,TGG,0.1
497,AAA,0.1
497,GAA,0.1
498,CCA,0.3
499,TTA,0.1
499,CTC,0.3
499,CTT,0.6
500,AAT,0.1
500,TCA,0.3
500,AGT,0.4
500,GCC,0.1
500,AAA,0.1
501,GAT,0.1
501,ACA,0.3
501,ACT,0.2
501,ACC,0.2
501,TCC,0.2
502,TAT,1.0
503,GGT,0.2
503,GAC,0.4
503,GAT,0.3
503,GGA,0.1
504,TTT,1.0
505,TAC,0.1
505,AAC,0.5
505,AAT,0.2
505,ACA,0.2
506,ACC,0.1
506,CCT,0.3
506,CAA,0.4
506,CAG,0.1
506,CCC,0.1
507,ACT,0.2
507,AAC,0.3
507,AAT,0.4
507,TCC,0.1
508,ACT,0.1
508,GTT,0.4
508,GTA,0.4
508,TCT,0.1
509,GGC,0.1
509,CCA,0.3
509,CCC,0.2
509,CCT,0.2
509,GGA,0.1
509,GGT,0.1
510,ATT,0.2
510,GTA,0.3
510,CTT,0.4
510,GTT,0.1
511,GGC,0.2
511,GCA,0.3
511,GAA,0.2
511,GAG,0.2
511,GGT,0.1
512,TAC,0.4
512,TAT,0.5
512,TTT,0.1
513,CAA,0.7
513,CAG,0.3
514,CCT,0.1
514,GCT,0.3
514,GCC,0.4
514,CCA,0.2
515,TAC,0.2
515,ACT,0.7
515,TAT,0.1
516,AGA,0.7
516,AGG,0.3
517,GTT,0.6
517,GTC,0.2
517,GTG,0.2
518,GTA,0.1
518,GTT,0.9
519,GTA,0.4
519,GTT,0.5
519,GTG,0.1
520,CTT,0.5
520,CTC,0.5
521,TCT,0.6
521,TCA,0.2
521,TCC,0.2
522,TTT,1.0
523,GAA,0.9
523,GAG,0.1
524,CTT,0.6
524,CTC,0.2
524,TTG,0.1
524,TTA,0.1
525,TTA,0.2
525,CTT,0.7
525,CTA,0.1
526,AAT,0.9
526,AAC,0.1
527,GCA,1.0
528,CCG,0.1
528,CCT,0.9
529,GCC,0.1
529,GCT,0.8
529,GCA,0.1
530,ACG,0.1
530,ACA,0.8
530,ACC,0.1
531,GTT,0.5
531,GTG,0.4
531,GTA,0.1
532,TGT,0.8
532,TGC,0.2
533,GGA,0.8
533,GGG,0.1
533,GGC,0.1
534,CCA,0.5
534,CCT,0.5
535,AAA,0.9
535,AAG,0.1
536,TTA,0.8
536,CAG,0.1
536,AAG,0.1
537,TCC,0.9
537,TCT,0.1
538,ACT,0.6
538,ACA,0.4
539,GAC,0.1
539,GAA,0.4
539,TCA,0.2
539,CCA,0.2
539,GAG,0.1
540,CTT,0.2
540,CTA,0.6
540,TTG,0.2
541,ATT,0.1
541,GTT,0.7
541,GTC,0.2
542,AAG,1.0
543,AAC,1.0
544,CAG,0.8
544,AAG,0.2
545,TGT,0.6
545,TGC,0.4
546,GTC,0.3
546,GTT,0.6
546,GTG,0.1
547,AAT,0.4
547,AAC,0.6
548,TTT,0.2
548,TTC,0.8
549,AAT,0.6
549,AAC,0.4
550,TTT,0.7
550,TTC,0.3
551,AAT,0.9
551,AAC,0.1
552,GGA,1.0
553,CTC,0.1
553,CTT,0.6
553,TTT,0.2
553,CTA,0.1
554,ACT,0.1
554,AAA,0.7
554,ACA,0.2
555,GGT,0.8
555,GGC,0.2
556,ACT,1.0
557,GGT,1.0
558,GTG,0.5
558,GTT,0.5
559,TTA,0.1
559,TTG,0.7
559,CTT,0.1
559,CTC,0.1
560,ACT,1.0
561,CCT,0.1
561,TCT,0.3
561,GAC,0.4
561,AAT,0.1
561,AGT,0.1
562,TCT,0.5
562,TCG,0.4
562,TCA,0.1
563,TCA,0.4
563,TCT,0.3
563,TCC,0.1
563,ACT,0.2
564,AAG,0.2
564,AAA,0.8
565,AGA,0.4
565,ACG,0.4
565,AAG,0.2
566,TTT,0.6
566,TTC,0.4
567,CAA,0.3
567,CAG,0.7
568,CCA,0.1
568,TCA,0.5
568,TCT,0.2
568,CCT,0.1
568,CCC,0.1
569,TTT,0.9
569,TTC,0.1
570,CAA,0.8
570,CAG,0.2
571,CAA,0.7
571,CAG,0.3
572,TTT,1.0
573,GGC,0.1
573,GGT,0.8
573,GGG,0.1
574,CGT,0.6
574,CGG,0.4
575,GAT,0.4
575,GAC,0.6
576,GTT,0.2
576,ACA,0.3
576,GCA,0.4
576,GTC,0.1
577,TCT,0.8
577,TCA,0.2
578,GAT,0.6
578,GAC,0.4
579,TTC,0.2
579,TTT,0.8
580,ACT,0.6
580,ACG,0.4
581,GAT,0.6
581,GAC,0.4
582,TCC,0.2
582,TCA,0.5
582,TCT,0.3
583,GTT,0.2
583,GTA,0.3
583,GTG,0.4
583,GTC,0.1
584,CGA,0.1
584,CGT,0.7
584,AGA,0.1
584,AGG,0.1
585,GAT,0.2
585,GAC,0.8
586,CCT,0.3
586,CCA,0.3
586,CCG,0.4
587,AAA,0.5
587,CAG,0.3
587,CAA,0.2
588,ACA,0.1
588,ACT,0.8
588,ACC,0.1
589,TCT,0.1
589,TTA,0.7
589,CTT,0.1
589,TTT,0.1
590,GAA,0.5
590,CAG,0.4
590,GAG,0.1
591,ATA,0.8
591,ATT,0.2
592,TTA,0.2
592,CTT,0.8
593,GAC,1.0
594,ATT,1.0
595,TCA,0.9
595,GCA,0.1
596,CCT,0.6
596,CCA,0.2
596,CCG,0.2
597,TGC,0.4
597,TGT,0.6
598,GCT,0.1
598,TCC,0.4
598,TCT,0.4
598,TCA,0.1
599,TTT,0.8
599,TAC,0.1
599,TAT,0.1
600,GGG,0.1
600,GGT,0.7
600,GGC,0.2
601,GGT,1.0
602,GTA,0.5
602,GTT,0.4
602,GTC,0.1
603,AGT,1.0
604,GTA,0.1
604,GTT,0.5
604,GTC,0.4
605,ATT,0.1
605,ATC,0.3
605,ATA,0.6
606,ACA,0.8
606,ACT,0.2
607,CCT,0.8
607,CCA,0.2
608,GGA,0.9
608,GGT,0.1
609,ACA,0.3
609,ACG,0.3
609,ACT,0.4
610,AAT,0.2
610,AAC,0.8
611,GCT,0.2
611,GCC,0.3
611,ACT,0.4
611,ACA,0.1
612,TCA,0.8
612,TCT,0.1
612,TCC,0.1
613,TCT,0.3
613,TCA,0.3
613,TCC,0.2
613,AGT,0.1
613,AAA,0.1
614,GAA,0.1
614,GAG,0.3
614,GCA,0.5
614,TCA,0.1
615,GTT,0.2
615,GTA,0.3
615,GTG,0.5
616,GCT,1.0
617,GTT,1.0
618,CTA,0.1
618,CTC,0.3
618,CTT,0.4
618,TTG,0.1
618,TTA,0.1
619,TAT,0.5
619,TAC,0.5
620,CAA,0.9
620,CAG,0.1
621,GAT,0.9
621,GAC,0.1
622,GTT,0.3
622,GTA,0.7
623,AAC,0.5
623,AAT,0.5
624,TGC,0.8
624,TGT,0.2
625,ACT,0.8
625,ACA,0.1
625,ACC,0.1
626,GAT,1.0
627,GTT,0.6
627,GTC,0.3
627,GTG,0.1
628,TCT,0.1
628,CCT,0.5
628,CCC,0.3
628,CCA,0.1
629,ACA,0.6
629,AAA,0.2
629,ACT,0.2
630,GCA,0.4
630,ACA,0.4
630,ATG,0.2
631,ATT,0.1
631,ATA,0.8
631,TTA,0.1
632,CAT,0.7
632,CGT,0.3
633,GCA,0.8
633,GCT,0.1
633,GTG,0.1
634,GAT,0.9
634,GAA,0.1
635,CAA,0.7
635,CAC,0.2
635,CAG,0.1
636,CTC,0.1
636,TTA,0.7
636,ATT,0.1
636,GTG,0.1
637,ACA,0.6
637,GCA,0.2
637,TCT,0.2
638,CCA,0.1
638,CCT,0.3
638,CCC,0.2
638,CAC,0.2
638,CAT,0.1
638,TCA,0.1
639,GCT,0.4
639,TCT,0.4
639,GAT,0.1
639,GAC,0.1
640,TGG,1.0
641,CGC,0.5
641,CGT,0.5
642,ATA,0.1
642,GTT,0.7
642,GTG,0.1
642,GTA,0.1
643,TAT,0.7
643,TAC,0.3
644,TCT,0.1
644,TCC,0.3
644,ACC,0.4
644,GCC,0.1
644,GCT,0.1
645,ACT,0.6
645,AGT,0.2
645,TTC,0.1
645,TTT,0.1
646,GGA,0.8
646,CGT,0.1
646,AAT,0.1
647,AAC,0.1
647,GTA,0.3
647,CCC,0.4
647,AAT,0.1
647,TCA,0.1
648,AAT,0.4
648,TTT,0.2
648,TAT,0.2
648,CAT,0.1
648,GAT,0.1
649,GGC,0.1
649,GGT,0.1
650,AAC,0.2
651,ATA,0.1
651,ATG,0.1
652,TTC,0.5
652,TTT,0.5
653,CAG,0.1
653,CAA,0.9
654,ACT,0.1
654,ACA,0.9
655,CAA,0.9
655,CAG,0.1
656,GCA,0.5
656,GCT,0.5
657,GGC,0.4
657,GGG,0.4
657,GGT,0.2
658,TGT,0.6
658,TGC,0.4
659,CTT,0.9
659,TTG,0.1
660,ATA,0.8
660,ATT,0.1
660,GTA,0.1
661,GGA,0.9
661,GGT,0.1
662,GCT,0.9
662,GCC,0.1
663,GAG,0.4
663,GAA,0.4
663,GCT,0.1
663,ATT,0.1
664,CAT,0.8
664,TAT,0.2
665,GTC,0.8
665,GAC,0.1
665,GAG,0.1
666,GAC,0.1
666,AAC,0.9
667,ACT,0.1
667,GCC,0.3
667,TCA,0.3
667,GCA,0.1
667,GTA,0.1
667,ACC,0.1
668,TCT,0.5
668,TCC,0.4
668,ACC,0.1
669,TAT,1.0
670,GAG,0.8
670,CAG,0.2
671,TGC,0.1
671,TGT,0.9
672,GAC,0.8
672,GAT,0.2
673,ATT,0.9
673,ATA,0.1
674,CCT,0.6
674,CCA,0.4
675,ATT,0.8
675,ATA,0.1
675,ATC,0.1
676,GGA,0.3
676,GGT,0.7
677,GCT,0.7
677,GCA,0.3
678,GGC,0.9
678,GGA,0.1
679,ATT,0.9
679,ATC,0.1
680,TGT,1.0
681,GCT,1.0
682,AGT,0.4
682,AGC,0.4
682,AAG,0.2
683,TAC,0.4
683,TAT,0.5
683,TTC,0.1
684,CAT,0.8
684,ACG,0.1
684,GGC,0.1
685,ACA,0.8
685,AAT,0.1
685,TCA,0.1
686,GTT,0.2
686,GCT,0.5
686,GCC,0.2
686,GAT,0.1
687,TCT,0.4
687,TTT,0.1
687,TCA,0.4
687,AAA,0.1
688,TTA,0.1
688,GTT,0.5
688,CTT,0.2
688,AGC,0.1
688,ATT,0.1
689,TTA,0.6
689,CTA,0.2
689,ACA,0.1
690,CGT,0.4
690,CGA,0.2
690,CGG,0.2
690,CTT,0.1
691,GTG,0.1
692,CGC,0.1
693,ACT,0.1
693,ACC,0.3
693,ACA,0.4
693,TCC,0.1
693,ATG,0.1
694,AGC,0.1
694,GGC,0.3
694,GGT,0.5
694,GGA,0.1
695,CAA,0.5
695,CAG,0.4
695,GGA,0.1
696,AAA,0.8
696,CAC,0.1
696,GAA,0.1
697,TCT,0.6
697,TCA,0.3
697,TCC,0.1
698,ATT,0.8
698,ATA,0.2
699,GTG,0.5
699,GTT,0.3
699,CTA,0.1
699,GTA,0.1
700,GCT,0.3
700,GCC,0.7
701,TAT,0.8
701,TAC,0.2
702,ACT,0.8
702,ACC,0.2
703,ATG,1.0
704,TCT,0.2
704,TCA,0.8
705,TTA,0.5
705,CTG,0.3
705,CTT,0.1
705,ATT,0.1
706,GGT,1.0
707,GCT,0.8
707,GAC,0.1
707,GAA,0.1
708,GAT,0.2
708,GAA,0.7
708,AAT,0.1
709,AGT,0.1
709,AAT,0.7
709,CAA,0.2
710,TCA,0.1
710,TCC,0.3
710,TCT,0.5
710,GAC,0.1
711,ATT,0.6
711,GTG,0.4
712,GCT,0.2
712,GCA,0.7
712,GTT,0.1
713,TAC,0.4
713,TAT,0.6
714,TCT,0.3
714,GCT,0.7
715,AAT,0.9
715,AAC,0.1
716,AAC,0.2
716,AAT,0.8
717,ACC,0.2
717,TCA,0.7
717,ATT,0.1
718,ATT,0.9
718,ATA,0.1
719,GCT,0.3
719,GCC,0.7
720,ATA,0.9
720,ATT,0.1
721,CCT,0.8
721,CCA,0.2
722,ACT,0.6
722,ACA,0.3
722,ATG,0.1
723,AAC,0.1
723,AAT,0.9
724,TTT,1.0
725,TCA,0.4
725,TCT,0.4
725,AGT,0.2
726,ATT,0.7
726,ATC,0.3
727,AGC,0.1
727,AGT,0.9
728,ATT,0.1
728,GTC,0.8
728,GTG,0.1
729,ACT,0.9
729,ACC,0.1
730,ACA,0.4
730,ACT,0.5
730,ACC,0.1
731,GAA,0.9
731,GAG,0.1
732,GTA,0.1
732,GTG,0.7
732,GTC,0.1
732,GTT,0.1
733,ATG,0.8
733,TTG,0.1
733,TTA,0.1
734,CCT,1.0
735,GTT,0.9
735,GTC,0.1
736,TCT,0.6
736,TCA,0.4
737,ATG,1.0
738,GCT,0.8
738,ACT,0.2
739,AAA,0.8
739,AAG,0.2
740,ACC,0.1
740,ACA,0.7
740,ACT,0.2
741,TCC,0.1
741,GCC,0.3
741,TCT,0.5
741,TCA,0.1
742,GTA,0.2
742,GTG,0.3
742,GTC,0.4
742,GTT,0.1
743,GAT,1.0
744,TGT,0.9
744,TGC,0.1
745,AAT,0.1
745,ACT,0.7
745,AAC,0.2
746,ATG,1.0
747,TAC,0.8
747,TAT,0.2
748,ATC,0.8
748,ATT,0.2
749,TGC,0.5
749,TGT,0.5
750,GGA,0.1
750,GGT,0.9
751,GAT,0.9
751,GAC,0.1
752,TCT,0.9
752,TCC,0.1
753,ACT,0.2
753,TTA,0.5
753,GCA,0.2
753,ACA,0.1
754,GAA,0.2
754,GAG,0.8
755,TGT,0.2
755,TGC,0.8
756,GCT,0.1
756,AGC,0.6
756,AGT,0.3
757,AAT,0.3
757,AAC,0.7
758,TTG,0.2
758,TTA,0.6
758,CTA,0.2
759,CTT,0.1
759,CTA,0.3
759,CTG,0.5
759,TTG,0.1
760,CTC,0.1
760,TTG,0.3
760,CTT,0.4
760,CTA,0.2
761,CAA,0.1
761,CAG,0.9
762,TAT,1.0
763,GGT,0.7
763,GGA,0.3
764,AGC,0.6
764,AGT,0.4
765,TTT,0.4
765,TTC,0.6
766,TGC,0.5
766,TGT,0.5
767,ACA,0.5
767,ACT,0.2
767,ACC,0.2
767,ACG,0.1
768,CAA,0.9
768,CAG,0.1
769,CTA,0.1
769,CTC,0.7
769,TTA,0.1
769,CTT,0.1
770,AAT,0.9
770,AAC,0.1
771,CGT,0.8
771,AGA,0.2
772,GCA,0.2
772,GCC,0.7
772,GCT,0.1
773,CTC,0.4
773,CTT,0.6
774,TCA,0.1
774,ACT,0.3
774,TCT,0.5
774,GCC,0.1
775,GGT,0.3
775,GGC,0.7
776,ATT,0.9
776,ATA,0.1
777,GCT,1.0
778,GCT,0.1
778,ATA,0.3
778,GTA,0.2
778,GTT,0.2
778,GTG,0.1
778,GTC,0.1
779,GAA,1.0
780,CAG,0.8
780,CAA,0.2
781,GAT,0.1
781,GAC,0.9
782,CGC,0.1
782,AAA,0.7
782,AGA,0.2
783,AAC,0.7
783,AAT,0.3
784,ACA,0.1
784,ACT,0.5
784,ACC,0.4
785,CGT,0.1
785,CAG,0.3
785,CAA,0.4
785,CGA,0.1
785,AGA,0.1
786,GAA,0.1
786,GAG,0.7
786,GAT,0.2
787,GTG,0.6
787,GTC,0.4
788,TTC,0.3
788,TTT,0.7
789,GCT,0.1
789,GCC,0.7
789,GCA,0.2
790,CAA,0.2
790,CAG,0.8
791,GTC,0.1
791,GTT,0.7
791,ACT,0.2
792,AAA,0.9
792,AAG,0.1
793,CAA,0.4
793,CAG,0.4
793,GCC,0.1
793,TCC,0.1
794,ATG,0.9
794,ATC,0.1
795,TAC,0.5
795,TAT,0.5
796,AAA,0.6
796,AAG,0.4
797,ACC,0.1
797,ACA,0.7
797,ACT,0.2
798,CCA,0.5
798,CCT,0.5
799,ACT,0.1
799,GCC,0.3
799,ACC,0.4
799,TCT,0.1
799,AAT,0.1
800,TTG,0.2
800,ATA,0.5
800,CTA,0.2
800,ATT,0.1
801,AAA,0.1
801,AAG,0.5
801,AGA,0.4
802,TAT,0.1
802,GAC,0.4
802,GAT,0.5
803,TTT,1.0
804,GGT,0.7
804,GGC,0.3
805,GGT,0.7
805,GGA,0.3
806,TTT,0.7
806,TTC,0.3
807,AAT,1.0
808,TTT,0.6
808,TTC,0.4
809,TCA,0.5
809,TCT,0.5
810,CAA,0.5
810,CAG,0.5
811,ATA,0.8
811,ATT,0.2
812,TTA,0.5
812,TTG,0.4
812,CTG,0.1
813,CCT,0.4
813,CCA,0.6
814,GAC,1.0
815,CCT,0.9
815,CCC,0.1
816,CTA,0.1
816,TCA,0.3
816,TTG,0.4
816,GCT,0.1
816,AAA,0.1
817,AAG,0.6
817,AAA,0.4
818,CCA,0.4
818,CCC,0.2
818,CCT,0.2
818,CCG,0.1
818,CTT,0.1
819,ACT,0.5
819,ACG,0.3
819,TCT,0.1
819,TCC,0.1
820,AAG,0.8
820,AGT,0.1
820,TAC,0.1
821,AGG,0.2
821,AGA,0.4
821,CGT,0.4
822,TCT,0.7
822,TCA,0.3
823,TTT,0.9
823,TTC,0.1
824,ATT,0.6
824,ATA,0.4
825,GAG,0.7
825,GAA,0.3
826,GAC,0.8
826,GAT,0.2
827,TTG,0.9
827,CTT,0.1
828,CTC,0.8
828,CTT,0.2
829,TTT,0.1
829,TTC,0.3
829,TAT,0.5
829,TAC,0.1
830,AAT,0.6
830,AAC,0.4
831,AAG,0.2
831,AAA,0.8
832,GTG,0.4
832,GTT,0.2
832,GTA,0.2
832,GTC,0.2
833,ACA,0.7
833,ACT,0.3
834,CTC,0.8
834,CTT,0.1
834,TTA,0.1
835,GCT,0.5
835,GCG,0.4
835,TCT,0.1
836,GAT,0.9
836,GAC,0.1
837,GCT,0.6
837,GCA,0.2
837,CCA,0.1
837,CCT,0.1
838,GGC,0.4
838,GGT,0.6
839,TTC,0.5
839,TTT,0.5
840,ATG,1.0
841,AAG,0.3
841,AAA,0.7
842,CAA,0.4
842,CAG,0.6
843,TAT,0.7
843,TAC,0.3
844,GGC,0.2
844,GGT,0.4
844,GCA,0.4
845,GAA,0.1
845,GAC,0.8
845,GAT,0.1
846,TGC,0.4
846,TGT,0.6
847,CTA,0.4
847,TTG,0.4
847,TTA,0.2
848,GGT,1.0
849,GAT,0.4
849,GGT,0.6
850,ATT,0.5
850,GTT,0.4
850,ATA,0.1
851,AAT,0.3
851,AGT,0.3
851,AAC,0.4
852,GCT,0.8
852,GCA,0.2
853,AGA,0.9
853,CGT,0.1
854,GAT,0.5
854,GAC,0.5
855,CTC,0.6
855,CTT,0.4
856,ATT,0.3
856,ATC,0.7
857,TGT,1.0
858,GCG,0.1
858,GCC,0.3
858,GCT,0.5
858,GCA,0.1
859,CAG,0.4
859,CAA,0.6
860,AAG,1.0
861,TTC,0.6
861,TTT,0.4
862,AAT,1.0
863,GGA,0.6
863,GGG,0.3
863,GGT,0.1
864,CTT,0.6
864,CTG,0.2
864,CTC,0.2
865,ACA,0.6
865,ACT,0.3
865,ACC,0.1
866,GTG,0.4
866,GTC,0.4
866,GTA,0.1
866,GTT,0.1
867,TTG,0.2
867,CTA,0.5
867,TTA,0.2
867,CTC,0.1
868,CCA,0.7
868,CCG,0.3
869,CCT,0.6
869,CCA,0.3
869,CCC,0.1
870,CTG,0.4
870,TTG,0.4
870,CTA,0.1
870,TTA,0.1
871,CTC,0.9
871,CTT,0.1
872,ACT,0.6
872,ACA,0.4
873,GAT,0.9
873,GAC,0.1
874,GAT,0.3
874,GAG,0.3
874,GAC,0.3
874,GAA,0.1
875,ATG,1.0
876,ATT,0.7
876,GTT,0.3
877,GCT,0.9
877,GCG,0.1
878,GCC,0.5
878,GCA,0.4
878,GCT,0.1
879,TAC,0.6
879,TAT,0.4
880,ACT,0.5
880,ACA,0.4
880,ACG,0.1
881,GCT,0.4
881,GCA,0.5
881,GCC,0.1
882,GCT,0.1
882,GCG,0.7
882,GCA,0.2
883,CTA,0.5
883,CTC,0.5
884,GTT,0.4
884,ATT,0.5
884,ATA,0.1
885,AGT,1.0
886,GGT,0.5
886,GGC,0.4
886,GGA,0.1
887,ACT,0.6
887,ACC,0.2
887,ACG,0.1
887,ACA,0.1
888,GCC,0.3
888,GCT,0.7
889,ACT,0.3
889,ACG,0.5
889,ACC,0.2
890,GCT,0.2
890,GCG,0.3
890,GCA,0.5
891,GGA,0.1
891,GGC,0.7
891,GGT,0.2
892,TGG,0.8
892,TTT,0.1
892,TAC,0.1
893,ACA,0.1
893,ACG,0.3
893,ACT,0.6
894,TTT,0.7
894,TTC,0.3
895,GGT,0.9
895,GGC,0.1
896,GCT,0.2
896,GCA,0.6
896,GCG,0.2
897,GGC,0.1
897,GGT,0.9
898,GCT,0.4
898,GCA,0.6
899,GCT,0.6
899,GCC,0.2
899,GCG,0.1
899,GCA,0.1
900,CTT,1.0
901,CAA,0.9
901,CAG,0.1
902,ATA,0.9
902,ATT,0.1
903,CCT,0.6
903,CCA,0.4
904,TTT,1.0
905,GCT,0.9
905,GCG,0.1
906,ATG,1.0
907,CAA,1.0
908,ATG,1.0
909,GCA,0.2
909,GCT,0.8
910,TAT,0.9
910,TAC,0.1
911,AGG,0.8
911,AGA,0.2
912,TTC,0.1
912,TTT,0.9
913,AAT,1.0
914,GGC,1.0
915,ATT,0.9
915,ATA,0.1
916,GGA,0.8
916,GGT,0.2
917,GTT,0.8
917,GTC,0.1
917,GTA,0.1
918,ACC,0.3
918,ACT,0.7
919,CAA,1.0
920,AAT,0.9
920,AAC,0.1
921,GTT,0.9
921,GTG,0.1
922,CTC,0.8
922,TTG,0.1
922,CTT,0.1
923,TAT,0.9
923,TAC,0.1
924,GAG,1.0
925,AAC,1.0
926,CAA,0.8
926,CAG,0.2
927,AAA,0.7
927,AAG,0.3
928,CAA,0.7
928,CTG,0.3
929,ATC,0.1
929,ATA,0.3
929,ATT,0.6
930,GCC,0.9
930,GCT,0.1
931,AAC,0.2
931,AAT,0.8
932,CAA,0.1
932,CAG,0.9
933,TTT,0.5
933,TTC,0.5
934,AAC,0.1
934,AAT,0.9
935,AAG,0.6
935,AGT,0.3
935,AAT,0.1
936,GCG,0.1
936,GCT,0.9
937,ATT,0.5
937,ATA,0.4
937,ATC,0.1
938,AGT,0.1
938,GGC,0.3
938,ACT,0.4
938,TCA,0.1
938,TCC,0.1
939,CAA,0.6
939,AAA,0.4
940,ATT,1.0
941,CAA,0.8
941,CAG,0.2
942,GAA,0.8
942,GAT,0.2
943,TCA,0.8
943,TCC,0.1
943,TCG,0.1
944,CTT,0.4
944,TTA,0.4
944,CTC,0.2
945,ACA,0.5
945,TCA,0.3
945,AGT,0.1
945,ACT,0.1
946,ACA,0.1
946,TCT,0.3
946,ACC,0.2
946,ACT,0.4
947,ACA,0.6
947,ACT,0.4
948,TCA,0.3
948,GCA,0.3
948,GCG,0.2
948,ACT,0.1
948,AGT,0.1
949,ACT,0.1
949,AGT,0.3
949,ACA,0.5
949,GCA,0.1
950,GCA,0.8
950,GCG,0.2
951,TTG,0.4
951,CTA,0.3
951,CTG,0.2
951,CTT,0.1
952,GGC,0.6
952,GGA,0.3
952,GGT,0.1
953,AAG,0.5
953,AAA,0.5
954,CTG,0.8
954,TTA,0.2
955,CAA,0.6
955,CAG,0.4
956,GAC,0.5
956,GAT,0.5
957,GTT,0.3
957,GTG,0.5
957,GTA,0.2
958,GTT,0.4
958,GTC,0.4
958,ATT,0.1
958,ATA,0.1
959,AAC,0.9
959,AAT,0.1
960,CAG,0.6
960,CAA,0.4
961,AAT,1.0
962,GCT,0.6
962,GCA,0.3
962,GCC,0.1
963,CAA,0.8
963,ATA,0.1
963,GTA,0.1
964,GCA,0.5
964,GCT,0.4
964,GCC,0.1
965,TTA,0.6
965,CTT,0.4
966,AAC,0.5
966,AAT,0.5
967,ACA,0.6
967,ACG,0.3
967,ACT,0.1
968,CTT,0.9
968,CTA,0.1
969,GTT,0.7
969,GTC,0.2
969,GTA,0.1
970,AAA,0.9
970,AAG,0.1
971,CAA,0.9
971,CAG,0.1
972,CTT,0.7
972,CTC,0.3
973,AGC,1.0
974,TCT,0.4
974,TCC,0.6
975,AAT,1.0
976,TTT,1.0
977,GGT,0.6
977,GGA,0.3
977,GGC,0.1
978,GCA,0.1
978,GCT,0.9
979,ATT,0.7
979,ATC,0.3
980,TCA,0.9
980,TCT,0.1
981,AGT,1.0
982,GTG,0.5
982,GTT,0.2
982,GCT,0.2
982,GTA,0.1
983,CTA,0.1
983,TTA,0.6
983,TTG,0.2
983,CTG,0.1
984,AAT,1.0
985,GAT,0.7
985,GAC,0.3
986,ATC,0.5
986,ATT,0.5
987,CTT,0.2
987,CTC,0.7
987,CTG,0.1
988,TCG,0.1
988,TCT,0.5
988,TCA,0.4
989,CGA,0.6
989,CGC,0.3
989,AGA,0.1
990,CTT,1.0
991,GAT,0.5
991,GAC,0.5
992,AAA,1.0
993,GTC,0.1
993,GTT,0.8
993,GTA,0.1
994,GAG,1.0
995,GCG,0.1
995,GCA,0.7
995,GCC,0.1
995,GCT,0.1
996,GAG,0.5
996,GAA,0.5
997,GTA,0.1
997,GTT,0.4
997,GTG,0.4
997,GTC,0.1
998,CAA,0.9
998,CAG,0.1
999,ATT,0.9
999,ATA,0.1
1000,GAC,0.9
1000,GAT,0.1
1001,AGG,0.9
1001,CGG,0.1
1002,TTA,0.1
1002,TTG,0.7
1002,CTT,0.2
1003,ATT,0.9
1003,ATA,0.1
1004,ACA,0.9
1004,ACT,0.1
1005,GGC,0.8
1005,GGA,0.1
1005,GGT,0.1
1006,AGA,0.9
1006,CGT,0.1
1007,CTT,0.2
1007,TTG,0.3
1007,TTA,0.5
1008,CAA,0.8
1008,CAG,0.2
1009,AGC,0.8
1009,AGT,0.2
1010,CTT,0.4
1010,CTG,0.2
1010,CTC,0.2
1010,TTG,0.1
1010,TTA,0.1
1011,CAA,0.8
1011,CAG,0.2
1012,ACC,0.8
1012,ACT,0.2
1013,TAT,0.7
1013,TAC,0.3
1014,GTA,0.6
1014,GTG,0.2
1014,GTT,0.2
1015,ACA,1.0
1016,CAA,0.8
1016,CAG,0.2
1017,CAA,1.0
1018,CTA,0.5
1018,CTT,0.5
1019,ATC,1.0
1020,AGG,0.1
1020,AGA,0.9
1021,GCT,0.9
1021,GCC,0.1
1022,GCT,0.9
1022,GCA,0.1
1023,GAA,0.9
1023,GAG,0.1
1024,ATC,0.9
1024,ATT,0.1
1025,AGG,0.3
1025,AGA,0.7
1026,GCT,0.9
1026,GCC,0.1
1027,TCT,1.0
1028,GCT,0.8
1028,GCC,0.2
1029,AAT,0.8
1029,AAC,0.2
1030,CTT,1.0
1031,GCT,1.0
1032,GCT,1.0
1033,ACT,0.7
1033,ACC,0.2
1033,ACA,0.1
1034,AAA,1.0
1035,ATG,1.0
1036,TCT,0.8
1036,TCC,0.1
1036,TCA,0.1
1037,GAG,1.0
1038,TGT,0.7
1038,TGC,0.3
1039,GTT,0.8
1039,GTA,0.2
1040,CTT,1.0
1041,GGA,0.8
1041,GGC,0.1
1041,GGG,0.1
1042,CAA,0.8
1042,CAG,0.2
1043,TCA,0.6
1043,TCT,0.3
1043,TCG,0.1
1044,AAA,0.9
1044,AAG,0.1
1045,AGA,1.0
1046,GTT,0.9
1046,GTA,0.1
1047,GAC,0.3
1047,GAT,0.7
1048,TTT,0.5
1048,TTC,0.5
1049,TGT,1.0
1050,GGA,1.0
1051,AAG,0.3
1051,AAA,0.7
1052,GGC,0.8
1052,GGA,0.1
1052,GGT,0.1
1053,TAC,0.7
1053,TAT,0.3
1054,CAC,0.9
1054,CAT,0.1
1055,CTT,0.6
1055,TTG,0.3
1055,TTA,0.1
1056,ATG,1.0
1057,TCC,0.7
1057,TCT,0.3
1058,TTC,1.0
1059,CCA,0.2
1059,CCT,0.8
1060,CAA,0.9
1060,CAG,0.1
1061,GCA,0.1
1061,TCA,0.3
1061,GCC,0.3
1061,TCC,0.2
1061,GCT,0.1
1062,GCC,0.1
1062,GCA,0.4
1062,GCT,0.5
1063,CCG,0.1
1063,CCT,0.6
1063,CCA,0.3
1064,CAT,0.7
1064,CAC,0.3
1065,GGT,1.0
1066,GTT,0.6
1066,GTC,0.3
1066,GTA,0.1
1067,GTC,0.3
1067,GTT,0.5
1067,GTG,0.2
1068,TTC,0.7
1068,TTT,0.3
1069,CTA,0.6
1069,TTA,0.3
1069,TTG,0.1
1070,CAT,1.0
1071,GTC,0.9
1071,GTT,0.1
1072,ACG,0.1
1072,ACA,0.5
1072,ACT,0.4
1073,TAT,1.0
1074,GTG,0.9
1074,GTA,0.1
1075,CCA,0.9
1075,CCT,0.1
1076,TCC,0.1
1076,TCA,0.3
1076,TCT,0.2
1076,GCA,0.2
1076,TCG,0.2
1077,CAG,0.4
1077,CAA,0.6
1078,GAG,0.6
1078,GAA,0.3
1078,CAG,0.1
1079,AGG,0.1
1079,AAA,0.5
1079,AAG,0.2
1079,CAA,0.2
1080,AAC,0.8
1080,AAT,0.2
1081,TTC,1.0
1082,ACC,0.4
1082,ACA,0.3
1082,ACT,0.3
1083,ACA,0.5
1083,ACG,0.2
1083,ACT,0.3
1084,GCG,0.1
1084,GCT,0.3
1084,GCC,0.4
1084,GCA,0.2
1085,CCA,0.9
1085,CCT,0.1
1086,GCA,0.3
1086,GCT,0.4
1086,GCG,0.2
1086,GCC,0.1
1087,ATT,1.0
1088,TGT,0.8
1088,TGC,0.2
1089,CAT,0.6
1089,CAC,0.4
1090,GAA,0.9
1090,AAT,0.1
1091,GGC,0.8
1091,GGT,0.2
1092,AAA,0.8
1092,AAG,0.2
1093,GCA,0.6
1093,GCT,0.3
1093,GCG,0.1
1094,TAC,0.6
1094,TAT,0.3
1094,CAC,0.1
1095,TTC,0.9
1095,TTT,0.1
1096,CCT,1.0
1097,CGT,0.7
1097,CGC,0.2
1097,AGA,0.1
1098,GAA,1.0
1099,GGT,0.9
1099,GGC,0.1
1100,GTT,0.4
1100,GTC,0.4
1100,GTG,0.2
1101,TTT,0.9
1101,TTC,0.1
1102,GTG,0.6
1102,GTA,0.2
1102,GTC,0.1
1102,GTT,0.1
1103,TTT,0.3
1103,TCT,0.5
1103,ACA,0.1
1103,ATG,0.1
1104,AAT,1.0
1105,GGC,1.0
1106,ACT,0.6
1106,AGT,0.2
1106,ACA,0.2
1107,TCT,0.8
1107,CAC,0.2
1108,TGG,1.0
1109,TTT,0.7
1109,TTC,0.3
1110,ATT,0.9
1110,ATC,0.1
1111,ACA,0.6
1111,ACG,0.3
1111,ACT,0.1
1112,CAG,0.9
1112,CAA,0.1
1113,AGG,0.8
1113,CGA,0.1
1113,AGA,0.1
1114,AAC,0.3
1114,AAT,0.7
1115,TTC,0.3
1115,TTT,0.7
1116,TTT,0.1
1116,TAC,0.4
1116,TAT,0.5
1117,TCT,0.4
1117,TCA,0.3
1117,TCG,0.3
1118,CCA,0.9
1118,CCT,0.1
1119,CAA,0.6
1119,CAG,0.4
1120,ATA,0.3
1120,TTA,0.3
1120,ACA,0.2
1120,CCT,0.1
1120,GTT,0.1
1121,ATT,0.7
1121,ATC,0.3
1122,ACT,0.3
1122,ACA,0.7
1123,ACA,1.0
1124,GAC,0.4
1124,GAT,0.6
1125,AAT,0.9
1125,AAC,0.1
1126,ACA,0.6
1126,ACT,0.4
1127,TTT,1.0
1128,GTC,0.2
1128,GTT,0.5
1128,GTA,0.1
1128,GTG,0.1
1128,GAA,0.1
1129,TCA,0.3
1129,TCT,0.3
1129,GCT,0.2
1129,GCC,0.2
1130,GGA,0.5
1130,GGT,0.4
1130,GGC,0.1
1131,AAT,0.7
1131,AGT,0.3
1132,TGT,1.0
1133,GAT,0.9
1133,GAC,0.1
1134,GTC,0.9
1134,GTT,0.1
1135,GTT,0.1
1135,GTG,0.3
1135,GTA,0.2
1135,GTC,0.4
1136,ATT,0.6
1136,ATC,0.3
1136,ATA,0.1
1137,GGC,0.8
1137,GGA,0.2
1138,ATC,0.7
1138,ATT,0.3
1139,ATT,0.9
1139,GTT,0.1
1140,AAC,0.4
1140,AAT,0.6
1141,AAC,0.4
1141,AAT,0.6
1142,ACA,0.6
1142,ACT,0.4
1143,GTT,0.9
1143,GTC,0.1
1144,TAT,0.7
1144,TAC,0.3
1145,GAT,0.8
1145,GAC,0.2
1146,CCT,0.8
1146,CCA,0.1
1146,CCG,0.1
1147,CTG,0.8
1147,CTA,0.1
1147,CTC,0.1
1148,CAA,0.6
1148,CAG,0.4
1149,CCT,0.9
1149,CCA,0.1
1150,GAG,0.6
1150,GAA,0.4
1151,CTT,0.8
1151,CTA,0.1
1151,CTC,0.1
1152,GAC,0.9
1152,GAG,0.1
1153,TCA,0.6
1153,TCG,0.3
1153,TCT,0.1
1154,TTC,0.3
1154,TTT,0.7
1155,AAA,0.6
1155,AAG,0.4
1156,GAA,0.7
1156,CAA,0.2
1156,CAG,0.1
1157,GAG,0.8
1157,GAA,0.2
1158,CTG,0.6
1158,CTA,0.2
1158,CTT,0.2
1159,GAC,0.6
1159,GAT,0.4
1160,AAG,0.9
1160,AAA,0.1
1161,TAC,0.8
1161,TAT,0.2
1162,TTC,0.8
1162,TTT,0.2
1163,AAA,1.0
1164,AAT,0.9
1164,AAC,0.1
1165,CAT,0.8
1165,CAC,0.2
1166,ACA,0.8
1166,ACT,0.1
1166,ACG,0.1
1167,TCA,1.0
1168,CCA,0.6
1168,CCT,0.3
1168,CAG,0.1
1169,GAT,0.9
1169,AAT,0.1
1170,GTT,0.9
1170,GTA,0.1
1171,GAT,0.9
1171,AGT,0.1
1172,CTT,0.9
1172,TTT,0.1
1173,GGC,0.8
1173,GAT,0.1
1173,GGA,0.1
1174,GAC,0.9
1174,GGT,0.1
1175,ATT,0.6
1175,ATC,0.3
1175,CTT,0.1
1176,TCA,0.7
1176,TCG,0.2
1176,AAC,0.1
1177,GGC,0.9
1177,AAC,0.1
1178,ATT,0.7
1178,ATC,0.2
1178,ATA,0.1
1179,AAC,0.1
1179,AAT,0.9
1180,GCT,0.9
1180,GCC,0.1
1181,TCT,0.6
1181,TCA,0.4
1182,GTC,0.8
1182,GTT,0.2
1183,GTC,0.9
1183,GTG,0.1
1184,AAC,0.4
1184,AAT,0.2
1184,GAT,0.3
1184,GAC,0.1
1185,ATT,1.0
1186,CAA,0.8
1186,AAA,0.2
1187,AAA,0.5
1187,AAG,0.5
1188,GAA,0.7
1188,GAG,0.3
1189,ATT,1.0
1190,GAC,0.8
1190,GAA,0.1
1190,GCT,0.1
1191,CGC,0.6
1191,CGA,0.2
1191,CAT,0.2
1192,CTC,0.9
1192,CTA,0.1
1193,AAT,1.0
1194,GAG,0.9
1194,GAA,0.1
1195,GTC,0.3
1195,GTT,0.5
1195,ATT,0.2
1196,GCT,0.2
1196,GCC,0.8
1197,AAA,1.0
1198,AAT,0.6
1198,AAC,0.3
1198,AGC,0.1
1199,TTA,0.4
1199,CTA,0.6
1200,AAT,1.0
1201,GAA,0.7
1201,GAT,0.2
1201,GAG,0.1
1202,TCA,0.7
1202,TCG,0.2
1202,TCT,0.1
1203,CTC,0.9
1203,CTT,0.1
1204,ATT,0.8
1204,ATC,0.1
1204,ATA,0.1
1205,GAC,1.0
1206,CTT,0.5
1206,CTC,0.3
1206,CTA,0.2
1207,CAA,0.9
1207,CAG,0.1
1208,GAA,1.0
1209,TTG,0.1
1209,CTT,0.7
1209,CTA,0.1
1209,TTA,0.1
1210,GGA,0.1
1210,GGG,0.3
1210,GGC,0.5
1210,GGT,0.1
1211,AAA,0.9
1211,AAG,0.1
1212,TAT,1.0
1213,GAG,0.9
1213,GAA,0.1
1214,CAA,0.8
1214,CAG,0.2
1215,TAT,0.5
1215,TAC,0.5
1216,ATT,0.6
1216,ATC,0.3
1216,GTT,0.1
1217,AAA,0.7
1217,AAG,0.3
1218,TGG,1.0
1219,CCT,0.9
1219,CCG,0.1
1220,TGG,1.0
1221,TAT,0.9
1221,TAC,0.1
1222,GTT,0.5
1222,GTC,0.4
1222,GTG,0.1
1223,TGG,1.0
1224,CTC,0.4
1224,CTT,0.6
1225,GGC,1.0
1226,TTC,0.1
1226,TTT,0.9
1227,ATT,0.5
1227,ATA,0.4
1227,GTA,0.1
1228,GCT,0.4
1228,GCA,0.4
1228,GCC,0.2
1229,GGA,0.4
1229,GGG,0.4
1229,GGT,0.1
1229,GGC,0.1
1230,CTA,0.4
1230,TTA,0.4
1230,CTC,0.1
1230,ATC,0.1
1231,ATT,0.5
1231,GTA,0.4
1231,GTT,0.1
1232,GCC,0.6
1232,GGA,0.4
1233,ATC,0.5
1233,TTA,0.4
1233,ATT,0.1
1234,GTC,0.5
1234,TTT,0.4
1234,CTT,0.1
1235,ATG,1.0
1236,GTT,0.4
1236,GCC,0.4
1236,GCT,0.1
1236,TCT,0.1
1237,ACA,0.5
1237,ATC,0.4
1237,GTT,0.1
1238,ATC,0.4
1238,ATT,0.6
1239,TTG,0.4
1239,CTT,0.4
1239,ATG,0.2
1240,CTT,0.9
1240,TTG,0.1
1241,TGT,0.9
1241,TGC,0.1
1242,TGC,0.6
1242,TAT,0.2
1242,TAC,0.2
1243,ATG,0.6
1243,TTT,0.4
1244,ACT,0.5
1244,ACC,0.5
1245,AGT,0.1
1245,AGC,0.8
1245,AAT,0.1
1246,TGT,0.6
1246,TGC,0.4
1247,TGC,0.8
1247,TGT,0.2
1248,AGT,0.6
1248,AGC,0.4
1249,TGC,0.6
1249,TGT,0.4
1250,CTC,0.4
1250,TGT,0.4
1250,CTT,0.1
1250,TTC,0.1
1251,AAG,0.5
1251,AAA,0.5
1252,GGT,0.5
1252,GGC,0.5
1253,GCA,0.4
1253,ATG,0.5
1253,GTT,0.1
1254,TGC,0.7
1254,TGT,0.3
1255,TCT,0.5
1255,TCC,0.4
1255,TCA,0.1
1256,TGT,1.0
1257,GGT,0.9
1257,GCT,0.1
1258,TCT,0.5
1258,TCG,0.3
1258,TCA,0.1
1258,TCC,0.1
1259,TGC,0.8
1259,TGT,0.2
1260,TGC,0.9
1260,TGT,0.1
1261,AAG,0.1
1261,AAA,0.5
1261,AGA,0.4
1262,TTT,0.9
1262,TTC,0.1
1263,GAT,1.0
1264,GAG,0.4
1264,GAA,0.6
1265,GAT,0.1
1265,GAC,0.9
1266,GAC,0.8
1266,CAC,0.1
1266,CAT,0.1
1267,TCT,0.8
1267,TCC,0.1
1267,TCA,0.1
1268,GAG,0.9
1268,GAA,0.1
1269,CCA,0.9
1269,CCT,0.1
1270,GTT,0.1
1270,GTG,0.8
1270,GTA,0.1
1271,CTC,0.8
1271,CTT,0.1
1272,AAG,0.1
1272,AAA,0.7
1272,ACT,0.1
1272,AGT,0.1
1273,GGT,0.2
1273,GGA,0.8
1274,GTC,0.9
1274,GTG,0.1
1275,AAA,0.9
1275,AAG,0.1
1276,TTA,1.0
1277,CAT,1.0
1278,TAC,0.6
1278,TAT,0.4
1279,ACA,0.9
1279,ACC,0.1
1280,TAA,1.0
